name,id
Meditation,0C5N4S6WzVD5UJhvrGLKdF
Liloâ€˜s &Toniâ€˜s Good Vibes,2NvH76ejpFKjml3L0DvxIy
September 2024,5iDe72U4QklDRv9aJc24sU
My recommendation playlist,4r0R7EfW8E2xYyYinzbjYY
August 2024,4XS3s7x9yHzzlqge71e1es
getaway car ,6rrxiSEoJzn92xKiLl5AFS
Juli 2024,4eeON20rbhLNlGeZxKM4Nx
Juni 2024,3UijrviDnI924tH9GklLsH
Strasbourg '24,5Sq0uCp2DHp8v4iArE7YMs
BA final,1otgCrxIrfmK7xkSONBwrU
Mai 2024,6LovtS2Fa5YMCbBUE4f50g
April 2024,6Mlml7CmqCM7EmsbexSGGa
Sports Romance - HÃ¶rbÃ¼cher // lismio,3hhF0H5jL8nKg8p5IGLMz3
Modern Classical Pop Mix,37i9dQZF1EIf5b6uY1rl9d
CJ concerts 2024,1fB4tl81gEk61UtriVf5cX
MÃ¤rz 2024,1ZIVWrZbQqX4DDEyVUynsG
free audiobooks ðŸ“š,4qHzXnfnefrc40v5F4ctsw
Februar 2024,5EDUZtu3xBGvfTVQQhOaMK
Indie Mix,37i9dQZF1EQqkOPvHGajmW
Januar 2024,79t2C8AhDDnNUKo3n4SHmT
Dezember 2023,0lu5m1P7sM6JYCt9FBaGC8
Indie Weihnacht,37i9dQZF1DWVmlYtBkLixx
Your Top Songs 2023,37i9dQZF1Fa1IIVtEpGUcU
November 2023,12k3TvyQDD2PiYH4CnEt3I
Confetti (VF) Radio,37i9dQZF1E8KLxmBn1IPNC
Oktober 2023,0psbelujMN2dB1m6v30bOs
September 2023,64H9QUxGHrzrpnJaPptwkz
August 2023,0XoUCuLX3eQMIIrbpfLjin
Ed Sheeran,1gYQA01uasLvemrpy3vdyO
Juli 2023,5NqNZrO6TXt9zeu54arkGq
Juni 2023,5AUeFhwwxH9nJQLNWNO7Z7
Mai 2023,7Im6jips4gY1rqJIEnzlpW
This Is Imagine Dragons,37i9dQZF1DZ06evO2YqUuI
April 2023,4wgyNdjset5pWtPrBzFzJj
MÃ¤rz 2023,4KeRhDhOqJzcIrWzNp1QHD
Februar 2023,3JtbK4E8pabmP5mXGk5GkU
Januar 2023,2HYnfYLWYbNhaeHQvpgRdr
Dezember 2022,2G2OUApxODAWbiY4kG6hz7
Your Top Songs 2022,37i9dQZF1F0sijgNaJdgit
November 2022,7BwqMhjQXN8gyqBiRUB5Cm
Oktober 2022,7AI4qigZrRLgAEdnPEMyD3
Pop Goes Classical,37i9dQZF1DWUPafHP1BJw1
September 2022,6y56nkqRkVF7G7A3dRGn0T
Omar Rudberg-Mix,37i9dQZF1EIVrmCZ2j94XI
August 2022,1QbNwE43OnTeXB9GlLoEpY
Juli 2022,2b4RNuECE4ojSR60ITgGAf
focus,44BWMs2wcjxqTHovWPmoSl
Juni 2022,16tgQXesOsHIHcOyTzSKK7
Best Of Eurovision 20s,37i9dQZF1DWZ4YXAortWyq
80s Hits,37i9dQZF1DXb57FjYWz00c
,4aFB9we2DxFCIfJN4aClnE
Mai 2022,00lVw5zOoWtPq9Pm5Ych3G
first dance,0Z5JXgd5LilATeaXRB3vQT
The Ultimate Hit Mix,37i9dQZF1DWUZMtnnlvJ9p
April 2022,0A9K2oFSLlMnnzK8od7nY4
MÃ¤rz 2022,23qH5CJc5S5U0ZV5WyZBsC
songs to scream in the car,37i9dQZF1DX4mWCZw6qYIw
Sam Smith Radio,37i9dQZF1E4EmpU4U97ROp
Sufjan Stevens Radio,37i9dQZF1E4vtqdfUi16Sm
Troye Sivan Radio,37i9dQZF1E4ourTrQDXAVJ
Februar 2022,2NXbp9gFpBZ2IxstK6Ia4N
Januar 2022,0IqTj9241AZAzecAg738QW
Just Try to Forget These Songs,37i9dQZF1DWTSfIBZEEbY0
Lolo + *lotti_karotti*,37i9dQZF1EJGh7iAifLEQ3
Dezember 2021,04HTJDk3yX6vSS6ywOdbzc
Your Top Songs 2021,37i9dQZF1EUMDoJuT8yJsl
Ultimate Xmas,7ffSfdHKMhrlNMXhv7OIv0
Cozy Coffeehouse Covers,37i9dQZF1DWWiuGVvOB4uo
November 2021,0iddbsN5seN13uiQEtIXdv
2000s Mix,37i9dQZF1EQn4jwNIohw50
listen,20pmrqy74iS1MGVrJ974Ch
Oktober 2021,0EqmhAM8sodODXwvOizYUG
September 2021,58KMlakKddB7WlTtw98kbs
Hintergrundmusik,37i9dQZF1DX3XlP43fJptv
Comfort Zone,37i9dQZF1DWYWddJiPzbvb
Chill Hits,37i9dQZF1DX4WYpdgoIcn6
Chill Acoustic Covers,37i9dQZF1DWY8U6Zq7nvbE
Daily Mix 2,37i9dQZF1E36XEQ4H4BSqM
August 2021,3msVcGJM3RZPJ99f95cpdE
Sommerklassiker,37i9dQZF1DXconM2hS1KVZ
Juli 2021,4DjkAcOMHTvy7koj2Gy5ov
Juni 2021,4UM7qixGezwak7D96qcIEh
Mai 2021,2KIOigdfaNhT6EW4kmYoxT
2010s Mix,37i9dQZF1EQqedj0y9Uwvu
April 2021,2f9b2AYZL0GjkaNsHrYUzX
MÃ¤rz 2021,4MSvUY1xt1bXLxTIkVzkJ5
Februar 2021,48ZAwJ5hwjDVvkDJ6mp3D4
Jon Bellion Radio,37i9dQZF1E4DaPvsQWnuXB
Front Porch,37i9dQZF1DXa2PsvJSPnPf
Januar 2021,2WNF7KeyJMG3e3gWY66JS2
Calm & Focused,37i9dQZF1DX9etR9S28cIo
Missed Hits,37i9dQZF1EO9MiZb8idsbd
Dezember 2020,798dxPIvi9bmvcuULl4jEX
Your Top Songs 2020,37i9dQZF1EMfsj3qStGcen
Holiday Spirit,2PAnTsI34DvXmVG4MZb7At
Xmas 2020,0HuXvIfNuM1vok6xC81u71
all time faves,2KsCRLwyGNdXZz9wJSLQTG
On Repeat,37i9dQZF1Eplgx8qlS8mVS
November 2020,3xymf5vrFD0Ewej47fn5UZ
Classic Road Trip Songs,37i9dQZF1DX9wC1KY45plY
Your Time Capsule,37i9dQZF1EuM46B6VKWjqw
Oktober 2020,5dDpKB8fyQiauKItRP1AxM
September 2020,4alNIo7japq0xIQaxpL71s
August 2020,1IQdBWRx87VQghuKx2BL0z
Juli 2020,0echNjqOvu8K3xniRPhKdX
Daily Drive,37i9dQZF1EfNDgCt0epoaz
Juni 2020,5LHht2qJxkeEu6eNTGHdDR
Alec Benjamin Radio,37i9dQZF1E4uGxOEYXAnYq
Mai 2020,1kie8S1jbRmH0KSHooM7On
April 2020,4tB0Qa9b3GGfhpNQDw9Vkx
MÃ¤rz 2020,4KbZvMmLokARZy3mdVZsvD
Daily Mix 1,37i9dQZF1E35fMrMeI0T54
Broken Heart,37i9dQZF1DXbrUpGvoi3TS
Februar 2020,0hCgpEL4soxuSMsbn98Upl
Januar 2020,1kzmc6sCKYDcmbaKqBPsrC
Your Top Songs 2019,37i9dQZF1EtfLJX3Ub9563
Dezember 2019,6IukU1dWTVS91YyXYVopcS
ChristmasÂ´19,1g6l5VFGLr7OdGFO0WciCe
November 2019,049KE6o0nBD0eDeO3vs2B4
Guided Meditation,37i9dQZF1DWVS1recTqXhf
Oktober 2019,0ZNcx7n7gX0pXnFjzaZe2z
September 2019,6aP3tzBXuZ0zXwTmrG34ur
August 2019,1HDlJzGqqm2QE0bUIQmvsg
Holland,3I9jCM1UIe3LkxvvW5CmUt
Juli 2019,6wcHdzAJJldyiHxoxOGz7a
Your Summer Rewind,37i9dQZF1CAjL61G5MpgFD
Juni 2019,1HdirqrVc5ZkVHvGLrco1V
Mai 2019,4imWFhYwohguzaW8fi4w4K
April 2019,1e0qq4jXcAkBAr4XIGqfaW
Throwbacks,4XDHQKTq5EfT0YaOAS2Pe9
MÃ¤rz 2019,7j3KtL1rGvwKGWmNnQgPwz
Februar 2019,16Qn4fEg4fKlXjdrRU3sUz
Januar 2019,6J9CaZSrx5CxEOvgdTrNCy
All Out 2010s,37i9dQZF1DX5Ejj0EkURtP
Dezember 2018,1CRK15j59e9CoGjjlj4geO
Xmas18,6zrPoJFdUaxgPiMwozXKh4
This Is Jon Bellion,37i9dQZF1DZ06evO2WuK7C
AprÃ©s Ski,10de7Iy2wpe6nPD0bMyePB
Acoustic Throwbacks,37i9dQZF1DX8TvdyVZSYFY
November 2018,5v8VNTLxEUPY36d3ToXefn
Oktober 2018,1MqzgabwCpVKRfUum6dUzI
Meine Shazam-Titel,05j5sSXBjvOCf6mNewzWQl
September 2018,5MRA3NiOHkGVe9lJoqPoPd
August 2018,0ehT1ZKXdWOKo7AI1V9QOM
Juli 2018,1dxMLGM4reP1TNz7QqcnJH
Juni 2018,04W7TUkccqsjtjFsRlqijr
KK,0LpWWrEAWU80hhrJFnA6ek
Mai 2018,5ZVNDyLB2W8xSqRgi3nqsF
Songs to Sing in the Car,37i9dQZF1DWWMOmoXKqHTD
April 2018,623XSQVPDtEhXZ7YJMvs8q
LOL,3m8aGThu4WTb8Hceqgtp6C
MÃ¤rz 2018,14CI5qhNke4sOdc1GizLXY
Februar 2018,2miRe3B2aIsuSDBiNVcHil
Januar 2018,7FYYZ1iyhm9Ej0ZGH5ZQx7
Your Top Songs 2017,37i9dQZF1E9YT9DIdVkP47
x-max,2pt0QIAcG8YQyBIxmM6Bir
Radio-Favoriten,66Ve30pnE8JGXCqosVrQTy
Dezember 2017,3zMzGHyNNJa9TF8p7RSBHK
November 2017,1WJhJHX6Vlwsl36UloHPP0
Brain Food,37i9dQZF1DWXLeA8Omikj7
Sing,78musSnUfUH4KEO5QqrGPs
Relax & Unwind,37i9dQZF1DWU0ScTcjJBdj
<3,3ZBF5IFlLL5lvBldav5GRq
Cool,1mYkZNQWEiM3LNGZn9WVVe
